{
    "train_metrics": {
        "accuracy": 0.999875,
        "precision": 1.0,
        "recall": 0.999797529864345,
        "f1_score": 0.9998987546825959,
        "roc_auc": 0.9999999669274525
    },
    "test_metrics": {
        "accuracy": 0.9995,
        "precision": 1.0,
        "recall": 0.9991902834008097,
        "f1_score": 0.9995949777237748,
        "roc_auc": 0.9999925908285041
    },
    "overfitting_check": {
        "train_test_auc_diff": 7.376098948408405e-06,
        "is_overfitting": false
    }
}